<?xml version="1.0" encoding="UTF-8"?>
<model package="Vlox\Model\" baseClass="xPDO\Om\xPDOSimpleObject" platform="mysql" defaultEngine="InnoDB" version="3.0">
    <object class="VloxResourceContent" table="vlox_resource_content">
        <field key="position" dbtype="int" phptype="integer" null="false" default=""/>
        <field key="title" dbtype="varchar" precision="255" phptype="string" null="false" default=""/>
        <field key="description" dbtype="varchar" precision="255" phptype="string" null="false" default=""/>
        <field key="blockId" dbtype="int" phptype="integer" null="false" default=""/>
        <field key="resourceId" dbtype="int" phptype="integer" null="false" default=""/>
        <field key="visible" dbtype="boolean" phptype="integer" null="false" default="1"/>
        <field key="properties" dbtype="json" phptype="json" null="true"/>
        <aggregate alias="CreatedBy" class="modUser" local="createdby" foreign="id" cardinality="one" owner="foreign"/>
        <aggregate alias="EditedBy" class="modUser" local="editedby" foreign="id" cardinality="one" owner="foreign"/>
    </object>

    <object class="VloxFragments" table="vlox_fragments">
        <field key="chunkName" dbtype="varchar" precision="255" phptype="string" null="false" default=""/>
        <field key="title" dbtype="varchar" precision="255" phptype="string" null="false" default=""/>
        <field key="description" dbtype="varchar" precision="255" phptype="string" null="false" default=""/>
        <field key="properties" dbtype="json" phptype="json" null="true"/>
        <aggregate alias="CreatedBy" class="modUser" local="createdby" foreign="id" cardinality="one" owner="foreign"/>
        <aggregate alias="EditedBy" class="modUser" local="editedby" foreign="id" cardinality="one" owner="foreign"/>
    </object>
</model>
